{"initial_reset_timestamp": 4.772076771, "timestamps": [28.713192256, 56.6182612, 81.923282386, 105.810302194, 129.394675663, 155.08510183, 179.017960019], "episode_lengths": [200, 200, 200, 200, 200, 200, 200], "episode_rewards": [33.31594597296996, 47.377041017222275, 64.11741314157281, 16.28145390811015, 86.62957889939715, 38.06404434382431, 21.956511600785745], "episode_types": ["t", "t", "t", "t", "t", "t", "t", "t"]}